Frame number,449
First frame,416
Point frequency,100
Analog frequency,100

Time,MJ06:LHEE,,,MJ06:LTOE,,,MJ06:RHEE,,,MJ06:RTOE,,
s,mm,mm,mm,mm,mm,mm,mm,mm,mm,mm,mm,mm
,X,Y,Z,X,Y,Z,X,Y,Z,X,Y,Z
4.15,0,0,0,540.467,1783.02,58.4012,315.886,2234.71,201.803,290.973,2030.89,94.2558
4.16,0,0,0,540.414,1782.86,57.719,320.173,2214.08,194.71,288.58,2003.21,94.6493
4.17,0,0,0,540.438,1783.05,57.0301,324.441,2191.83,186.877,287.698,1982.36,93.1926
4.18,0,0,0,540.435,1783.19,56.3365,328.843,2168.13,178.415,285.088,1955.74,92.776
4.19,0,0,0,540.145,1782.71,55.8628,333.198,2143.98,170.371,283.312,1930.65,92.1584
4.2,0,0,0,540.088,1782.6,55.5923,337.399,2119.32,162.117,281.376,1904.44,91.7454
4.21,0,0,0,540.038,1782.63,55.2757,341.146,2092.76,153.082,279.385,1878.76,90.7798
4.22,0,0,0,540.027,1782.71,55.0591,344.338,2067.62,145.588,277.152,1851.48,90.5633
4.23,0,0,0,540.044,1782.81,54.7872,346.947,2040.98,137.504,275.412,1824.19,90.4578
4.24,0,0,0,540.008,1782.88,54.6571,348.369,2013.84,129.993,273.341,1796.01,90.3292
4.25,0,0,0,539.944,1782.78,54.6111,348.886,1983.58,120.386,271.042,1766.81,90.7281
4.26,0,0,0,539.798,1782.19,54.6612,348.448,1955.78,113.171,270.061,1740.63,90.1414
4.27,0,0,0,539.686,1781.96,54.5805,346.645,1926.26,104.841,268.001,1711.74,90.7635
4.28,0,0,0,539.693,1781.93,54.4852,343.955,1899.43,98.814,266.068,1683.39,91.9666
4.29,0,0,0,539.82,1782.18,54.403,340.744,1875.64,94.8054,264.2,1654.75,93.4585
4.3,0,0,0,539.883,1782.24,54.3431,336.435,1847.79,88.7717,262.726,1626.38,95.3534
4.31,0,0,0,539.91,1781.68,54.1981,331.445,1820.25,83.2127,260.408,1600.26,97.4591
4.32,0,0,0,540.123,1781.78,53.9321,325.914,1792.4,79.1596,258.187,1570.79,101.147
4.33,0,0,0,540.306,1781.8,53.7508,320.449,1762.99,72.8716,255.709,1543.15,104.578
4.34,0,0,0,540.493,1782.21,53.5097,314.585,1734.45,68.2262,253.286,1515.13,109.189
4.35,0,0,0,540.446,1781.7,53.5526,308.809,1707.42,65.0014,250.439,1488.29,113.565
4.36,0,0,0,540.475,1781.62,53.5454,303.287,1683.65,64.1023,247.208,1461.68,118.295
4.37,0,0,0,540.618,1781.86,53.3535,297.102,1648.81,56.2223,243.161,1436.87,122.956
4.38,0,0,0,540.746,1782.09,53.1622,292.12,1624.67,55.6056,239.122,1413.79,127.136
4.39,0,0,0,541.088,1782.4,53.016,287.451,1599.4,54.0527,234.408,1392.18,131.031
4.4,0,0,0,541.007,1782.15,52.9,283.719,1578.16,54.3064,229.232,1371.33,134.465
4.41,0,0,0,541.292,1782.11,52.8545,281.194,1568.78,60.0158,223.765,1352.4,137.391
4.42,0,0,0,541.453,1782.24,52.7333,280.945,1546.87,59.3465,218.234,1335.12,139.317
4.43,0,0,0,541.499,1782.41,52.5241,281.377,1530.22,59.1973,212.99,1319.53,140.622
4.44,0,0,0,541.866,1782.9,52.3794,283.753,1513.06,58.1134,208.496,1305.83,140.893
4.45,0,0,0,542.036,1783.02,52.3266,286.218,1497.16,56.9416,204.725,1294.19,140.951
4.46,0,0,0,542.086,1782.98,52.1872,289.373,1485.13,55.9831,202.473,1284.64,139.728
4.47,0,0,0,542.071,1783.03,51.9853,293.074,1475.07,54.5057,201.875,1276.08,137.458
4.48,0,0,0,542.084,1783.05,51.8819,296.565,1467.01,52.758,203.223,1268.34,133.703
4.49,0,0,0,542.047,1782.83,51.8083,299.555,1461.46,51.6936,206.373,1261.38,128.419
4.5,0,0,0,542.084,1782.82,51.6888,300.717,1459.07,52.3949,212.376,1254.33,122.175
4.51,0,0,0,542.032,1782.37,51.5435,301.119,1457.62,52.9044,219.735,1247.9,114.581
4.52,0,0,0,542.091,1782.29,51.3671,300.737,1455.91,52.9211,227.204,1241.88,106.757
4.53,0,0,0,542.015,1782.46,51.1011,300.229,1453.94,53.8198,234.535,1234.8,98.7966
4.54,0,0,0,542.121,1783.04,50.6973,300.387,1451.56,55.0407,241.358,1228.96,89.7371
4.55,0,0,0,542.06,1782.58,50.6328,301.04,1448.86,56.1266,247.712,1223.63,79.5276
4.56,0,0,0,542.027,1782.14,50.4975,302.316,1446.31,57.5492,251.697,1219.15,69.6139
4.57,0,0,0,541.951,1781.31,50.3756,303.08,1445.17,58.46,251.504,1215.39,65.4975
4.58,0,0,0,541.838,1779.19,50.5511,303.419,1445.22,58.1054,251.178,1215.28,64.193
4.59,0,0,0,542.237,1778.35,50.0457,303.492,1445.07,57.5205,251.904,1214.82,62.972
4.6,0,0,0,542.574,1775.73,49.6342,303.803,1445.02,57.6739,252.392,1213.62,62.2489
4.61,0,0,0,542.833,1773.76,48.8106,304.515,1446.57,58.0533,252.401,1213.81,61.5928
4.62,0,0,0,542.696,1771.56,47.8796,304.197,1448.23,58.7044,252.603,1213.75,61.2649
4.63,0,0,0,542.771,1768.71,47.1307,304.248,1448.31,58.7072,252.804,1213.48,61.0588
4.64,0,0,0,542.499,1764.66,46.6883,304.323,1448.29,58.8079,252.896,1213.41,60.9313
4.65,530.522,1916.3,201.971,542.42,1760.08,46.7379,304.298,1448.32,58.7218,252.922,1213.42,60.8018
4.66,531.658,1899.98,219.106,542.147,1754.48,47.9393,304.303,1448.34,58.777,252.923,1213.28,60.6524
4.67,527.897,1877.33,235.139,540.913,1748.33,50.1402,304.184,1448.42,58.7341,252.797,1213.52,60.5457
4.68,525.103,1855.2,251.053,539.584,1739.27,53.8234,304.055,1448.18,58.501,252.835,1213.49,60.4682
4.69,520.602,1830.17,266.509,538.319,1729.65,57.9346,303.904,1448.3,58.5502,252.853,1213.73,60.3587
4.7,515.495,1802.99,279.162,537.098,1716.75,62.8049,303.762,1448.42,58.5812,252.289,1214.73,60.2113
4.71,510.827,1777.21,290.962,536.336,1707.94,66.5086,303.467,1448.34,59.544,252.171,1214.91,60.1958
4.72,506.144,1750.19,299.217,534.596,1691.96,71.1266,303.651,1448.3,58.737,252.19,1214.99,60.1664
4.73,502.457,1728.79,305.306,530.902,1672.78,77.1408,303.702,1448.21,58.4777,252.138,1215,60.1621
4.74,498.826,1709.25,309.645,525.938,1648.95,82.82,303.733,1448.3,58.5524,252.145,1215.11,60.1112
4.75,496.721,1691.03,312.501,519.77,1615.21,90.2567,303.728,1448.15,58.3902,252.09,1215.2,60.1305
4.76,494.592,1675.9,312.904,513.195,1583.76,95.3937,303.71,1448.08,58.3333,252.067,1215.24,60.1189
4.77,492.012,1656.9,311.519,506.363,1552.19,99.391,303.666,1448.09,58.3728,252.027,1215.25,60.1537
4.78,490.24,1638.5,307.906,499.996,1521.29,101.99,303.625,1448.06,58.3443,252.007,1215.36,60.1151
4.79,487.734,1617.94,303.728,494.41,1491.53,103.239,303.603,1448.08,58.3462,251.929,1215.55,60.1233
4.8,484.69,1595.8,298.257,488.571,1459.79,103.839,303.713,1448.36,58.2559,251.871,1215.59,60.1272
4.81,480.831,1572.63,291.273,482.732,1427.29,103.035,303.826,1447.36,57.9179,251.842,1215.72,60.0703
4.82,477.151,1547.59,281.654,477.268,1396.02,101.481,303.882,1446.21,57.4474,251.809,1215.74,60.0755
4.83,473.574,1532.98,276.306,472.164,1363.89,99.4855,303.895,1445.91,57.4868,251.826,1215.72,60.0601
4.84,470.452,1507.5,265.156,467.492,1330.3,97.8549,303.938,1445.87,57.5461,251.845,1215.7,59.9886
4.85,466.989,1480.89,252.604,463.297,1295.32,96.5798,303.918,1445.86,57.5714,251.839,1215.77,59.9808
4.86,463.24,1453.31,238.938,458.195,1260.49,95.3403,303.904,1445.85,57.5989,251.902,1215.35,59.99
4.87,459.108,1427.16,225.42,454.42,1226.31,93.8383,303.888,1445.86,57.663,251.917,1215.8,59.7969
4.88,454.813,1399.25,211.703,451.326,1192.14,92.741,303.896,1445.83,57.6466,252.032,1215.23,59.777
4.89,450.708,1370.03,197.774,448.83,1158.07,91.3805,303.888,1445.8,57.6517,252.001,1215.15,59.7942
4.9,446.344,1341.48,184.59,446.734,1122.37,90.5739,303.879,1445.84,57.771,251.999,1215.16,59.698
4.91,442.343,1311.79,171.813,445.039,1087.97,89.5969,303.871,1445.86,57.8776,252.013,1215.17,59.6275
4.92,438.378,1282.57,159.92,444.464,1055.43,89.0505,303.856,1445.88,57.9758,251.705,1214.21,59.7215
4.93,434.631,1252.5,148.52,443.71,1022.61,89.2971,303.877,1445.86,57.9914,251.909,1215.11,59.642
4.94,431.206,1221.9,137.531,443.509,989.146,90.6292,303.872,1445.86,58.0393,251.864,1214.9,59.6817
4.95,428.151,1190.76,126.959,443.619,956.514,92.9478,303.876,1445.85,58.071,251.846,1215.37,59.5624
4.96,425.116,1160.72,117.822,444.494,924.485,96.1296,303.891,1445.81,58.1017,251.953,1215.55,59.463
4.97,422.844,1130.73,109.933,446.245,893.61,100.882,303.894,1445.81,58.1995,251.986,1215.51,59.3547
4.98,420.434,1100.1,102.433,448.042,864.114,105.904,303.898,1445.82,58.2801,252.079,1215.75,59.064
4.99,418.817,1071.43,96.3488,450.308,836.156,112.221,303.9,1445.77,58.3006,252.159,1215.58,58.9342
5,418.228,1043.45,91.0742,452.924,809.627,119.671,303.913,1445.78,58.338,252.175,1215.56,58.8398
5.01,417.469,1016.17,86.6467,455.542,784.949,127.603,303.9,1445.75,58.3308,252.173,1215.56,58.7763
5.02,417.639,990.643,83.3403,457.565,761.554,135.757,303.896,1445.66,58.3413,252.177,1215.66,58.7027
5.03,418.098,967.136,81.0856,459.602,740.432,143.864,303.915,1445.68,58.3933,252.173,1215.59,58.6169
5.04,418.414,945.185,79.0832,462.118,721.028,151.752,303.896,1445.59,58.3978,252.063,1215.85,58.4898
5.05,418.423,924.987,77.954,464.049,704.241,158.473,303.948,1445.62,58.5023,252.052,1216,58.4264
5.06,417.252,905.861,76.5583,465.955,689.184,163.851,303.856,1445.58,58.5381,252.115,1215.87,58.3813
5.07,415.95,889.285,75.1638,468.465,675.933,168.272,303.828,1445.42,58.5379,251.988,1216.01,58.2953
5.08,414.855,876.297,74.0706,470.555,665.269,170.51,303.753,1445.46,58.5919,251.925,1216.13,58.2196
5.09,414.041,866.206,72.8114,471.763,656.457,171.193,303.664,1445.4,58.6382,251.814,1215.92,58.0696
5.1,413.001,858.982,71.2108,472.078,649.483,169.555,303.568,1445.46,58.7421,251.78,1215.98,58.0031
5.11,411.378,854.792,68.552,470.746,644.616,166.318,303.467,1445.45,58.8538,251.767,1216.08,57.9131
5.12,410.054,853.796,67.9182,467.419,641.82,161.721,303.411,1445.42,58.9463,251.734,1216.17,57.8161
5.13,409.029,853.333,66.9639,463.388,638.401,156.503,303.382,1445.45,59.1633,251.684,1215.83,57.9474
5.14,408.351,851.708,66.3368,458.348,635.397,152.618,303.23,1445.45,59.4271,251.629,1215.91,57.8347
5.15,408.277,849.208,67.2431,452.74,630.991,148.573,302.886,1445.03,59.7469,251.611,1216.02,57.7555
5.16,408.307,845.298,68.0944,447.595,625.118,142.722,302.546,1445.07,60.9433,251.566,1216.03,57.6343
5.17,408.699,841.625,69.3267,443.937,618.677,135.429,302.326,1444.64,62.2596,251.577,1216.11,57.4877
5.18,408.747,838.693,70.3094,442.141,613.763,128.88,302.168,1444.09,64.0997,251.727,1216.28,57.1963
5.19,408.442,835.372,70.9097,440.896,610.037,122.741,301.739,1443.41,66.6277,251.749,1215.82,57.3497
5.2,408.789,832.831,71.6231,439.724,606.118,116.573,301.17,1442.54,69.5841,251.99,1216.29,56.9438
5.21,409.045,830.656,72.4901,438.746,602.397,110.876,300.775,1441.4,73.3077,251.796,1215.47,56.9361
5.22,409.085,828.538,73.062,437.978,599.933,105.884,300.051,1439.72,77.8154,251.768,1215.13,56.9322
5.23,409.526,827.425,73.9995,436.944,597.794,101.818,298.784,1437.65,83.0328,251.718,1214.93,56.9071
5.24,409.748,826.103,74.4708,435.804,596.102,98.2535,297.494,1435.37,89.2206,251.534,1214.37,56.9913
5.25,410.406,825.653,75.1067,434.618,594.435,95.2745,295.801,1432.66,96.0034,251.22,1213.62,57.1618
5.26,410.564,825.591,75.5596,433.294,593.402,93.0601,293.44,1429.31,103.244,250.744,1212.66,57.3849
5.27,410.56,824.909,75.692,432.432,592.601,91.0919,291.257,1425.51,111.025,250.083,1210.5,58.2493
5.28,410.713,824.113,75.929,431.889,591.655,89.1258,288.546,1421.09,118.967,249.52,1208.43,58.7939
5.29,410.793,823.476,76.0245,431.255,590.957,87.3981,285.627,1416.14,127.103,248.836,1206.52,59.133
5.3,410.743,822.896,76.1792,430.437,590.209,85.7757,282.727,1411.16,135.582,248.052,1204.26,59.7051
5.31,410.729,822.635,76.227,429.54,589.759,84.4716,279.433,1405.79,143.877,247.099,1201.89,60.0631
5.32,410.698,822.485,76.28,428.655,589.815,83.676,276.217,1400.33,152.499,246.102,1200.7,60.1863
5.33,410.647,822.558,76.257,427.58,589.725,83.1546,272.889,1394.42,160.569,245.291,1198.66,60.788
5.34,410.554,822.569,76.1848,426.526,589.659,82.8554,270.096,1388.17,169.091,244.485,1196.02,61.9713
5.35,410.541,822.481,76.1418,425.676,589.45,82.5681,266.932,1381.28,177.899,243.705,1193.27,63.3582
5.36,410.557,822.474,76.1619,425.043,589.315,82.1645,264.382,1374.9,187.128,242.948,1189.77,65.1685
5.37,410.573,822.405,76.2719,424.882,589.043,81.5389,262.045,1366.95,195.658,242.357,1186.85,66.9174
5.38,410.646,822.402,76.4841,424.923,588.63,80.7226,260.447,1359.37,204.691,241.71,1183.28,69.0931
5.39,410.511,821.428,76.3975,424.978,587.912,79.5944,258.692,1350.91,214.146,241.295,1178.91,71.5
5.4,410.499,820.926,76.5646,425.15,587.05,78.1029,257.672,1341.52,224.109,240.791,1174.27,73.6981
5.41,410.42,820.762,76.8729,425.443,586.242,76.8163,257.038,1330.67,233.706,240.404,1169.29,75.5828
5.42,410.517,820.559,77.0927,425.659,585.466,75.7358,256.699,1318.77,243.871,239.937,1163.9,77.3588
5.43,410.575,820.232,77.3648,426.018,585.031,74.8414,256.706,1305.11,253.657,239.271,1158.68,78.5553
5.44,411.167,821.214,77.8661,426.316,584.572,73.7849,256.957,1289.92,262.655,238.542,1152.85,79.4812
5.45,411.05,820.58,77.7574,426.57,583.839,72.8003,257.316,1272.96,271.901,237.459,1146.79,80.0462
5.46,410.951,820.308,77.8484,426.972,583.473,72.0259,258.421,1255.15,280.092,236.035,1140.27,79.9788
5.47,410.895,820.203,78.0278,427.301,583.046,71.3891,259.954,1238.15,286.194,234.509,1132.21,80.4939
5.48,410.986,820.204,78.1772,427.776,582.74,70.6824,261.482,1220.66,291.901,232.441,1123.96,80.7261
5.49,410.985,819.727,78.3675,428.219,582.556,69.8467,262.239,1203.35,296.359,230.673,1114.54,81.4328
5.5,410.916,819.525,78.4601,428.39,582.203,69.0313,262.602,1188.99,298.386,228.787,1100.33,84.0758
5.51,410.872,819.442,78.5873,428.483,581.742,68.2403,262.594,1176.82,297.939,227.766,1081.26,87.2584
5.52,410.771,819.244,78.6589,428.468,581.28,67.3351,261.369,1165.17,295.346,227.179,1058.48,90.722
5.53,410.723,819.127,78.9417,428.669,581.018,66.4417,258.876,1152.73,291.767,227.251,1033.01,93.5969
5.54,410.581,818.991,79.0464,428.593,580.568,65.2733,255.571,1139.95,284.901,228.133,1006.31,95.7049
5.55,410.298,818.785,78.8185,428.672,580.691,64.152,252.531,1125.87,276.972,228.744,978.364,97.4371
5.56,410.279,819.193,79.1123,428.652,580.539,63.3897,248.464,1108.36,267.739,229.017,949.742,98.2698
5.57,410.052,819.225,79.2781,428.529,580.599,62.9201,245.077,1089.83,257.353,228.365,921.684,98.1446
5.58,409.658,818.694,79.121,428.491,580.548,62.5944,242.658,1069.89,246.571,225.743,891.133,98.1819
5.59,409.349,818.697,79.2108,428.35,580.471,62.2441,241.172,1048.44,235.46,222.136,861.41,97.3184
5.6,408.95,818.571,79.2736,428.079,580.359,61.9524,239.954,1025.38,224.256,217.411,831.675,95.6756
5.61,408.714,818.305,79.1913,427.872,580.252,61.7435,239.07,1000.74,212.762,212.056,802.255,93.6224
5.62,408.473,818.162,79.1465,427.677,580.119,61.5613,238.475,975.392,201.179,205.981,771.603,91.8423
5.63,408.364,818.206,79.3601,427.555,580.04,61.388,237.946,949.324,189.405,199.456,740.966,90.9785
5.64,408.199,818.19,79.4331,427.414,580.077,61.249,237.393,922.45,177.674,192.885,710.672,90.3045
5.65,408.129,818.707,79.8358,427.351,580.083,61.1566,236.97,896.233,166.739,185.779,680.354,90.5171
5.66,408.114,818.995,79.9865,427.297,580.121,61.0424,235.932,867.702,155.808,177.554,650.747,91.1001
5.67,407.986,819.036,79.947,427.288,580.137,60.9307,235.443,839.367,146.078,170.03,620.969,92.3985
5.68,407.962,818.962,79.8889,427.307,580.291,60.8254,234.931,810.571,137.142,162.928,592.631,93.7806
5.69,407.968,819.137,79.9069,427.315,580.345,60.7631,234.691,781.872,128.996,155.145,563.707,95.5974
5.7,408.071,818.338,79.5349,427.283,580.309,60.6891,233.764,753.629,122.054,148.322,536.831,97.0458
5.71,408.141,818.247,79.4984,427.372,580.354,60.626,232.137,726.389,115.66,142.37,510.262,98.5211
5.72,408.145,818.242,79.4786,427.466,580.409,60.5061,230.204,699.272,109.934,137.643,483.593,100.077
5.73,408.161,818.272,79.466,427.614,580.403,60.3831,227.778,672.824,105.245,134.225,457.766,101.671
5.74,408.29,818.286,79.3981,427.928,580.469,60.4632,224.677,647.406,101.334,131.585,432.072,103.225
5.75,408.429,818.36,79.4599,428.294,581.331,60.3124,221.08,622.651,97.7106,129.804,406.924,104.954
5.76,408.6,818.51,79.7785,428.443,581.293,60.334,217.851,598.008,95.0547,128.506,381.915,106.783
5.77,408.637,818.531,79.9113,428.531,581.256,60.2973,213.623,575.643,92.3455,127.915,357.771,108.521
5.78,408.654,818.568,79.9973,428.533,580.761,60.1065,209.861,552.845,90.028,128.06,334.334,110.524
5.79,408.698,818.559,80.0612,428.6,580.617,59.9063,206.008,530.78,87.9633,128.711,311.357,112.883
5.8,408.67,818.505,80.1135,428.625,580.303,59.6656,202.844,509.222,85.8001,129.561,289.077,115.71
5.81,408.602,818.503,80.2361,428.883,580.724,59.3244,199.342,489.467,83.7014,130.988,268.415,118.597
5.82,408.523,818.546,80.4031,429,580.828,59.2048,196.386,469.616,81.6699,132.369,248.266,121.925
5.83,408.604,818.443,80.3422,429.133,580.748,59.1142,194.168,450.328,79.5664,133.875,229.221,125.513
5.84,408.609,818.695,80.6858,429.255,580.77,58.9713,192.375,432.137,77.881,135.573,211.156,128.61
5.85,408.592,818.601,80.7364,429.42,580.861,58.8223,191.093,414.317,75.9106,137.104,193.821,131.419
5.86,408.47,818.198,80.7252,429.476,580.869,58.7185,190.491,397.527,74.5412,138.117,177.288,133.823
5.87,408.344,818.125,80.9802,429.514,580.875,58.6429,190.579,381.41,73.0428,139.356,161.929,135.484
5.88,408.249,818.099,81.1113,429.39,580.86,58.5712,190.994,366.241,71.826,139.853,147.355,136.708
5.89,408.061,817.931,81.1302,429.431,580.92,58.5064,191.92,352.219,70.2579,140.265,134.233,137.428
5.9,407.938,817.883,81.3002,429.379,580.863,58.4156,193.17,339.164,68.7212,140.538,121.613,137.346
5.91,407.809,817.914,81.6086,429.371,580.841,58.3338,194.349,326.954,66.7408,140.721,110.076,136.573
5.92,407.636,817.928,81.9173,429.376,580.856,58.2562,195.259,316.001,64.6351,140.724,99.8447,135.136
5.93,407.477,817.229,81.9481,429.395,580.868,58.1989,196.815,306.054,62.2755,140.843,90.4563,132.889
5.94,407.449,816.969,82.3476,429.433,580.924,58.0881,197.065,298.941,61.5156,141.536,82.1942,129.319
5.95,407.595,816.598,82.835,429.502,580.941,57.9812,197.36,293.165,63.0857,142.592,74.4755,123.162
5.96,407.792,816.704,83.9136,429.549,580.977,57.9174,198.187,289.065,63.99,144.122,68.4967,114.066
5.97,408.062,816.192,85.3662,429.649,580.979,57.7712,199.2,285.976,64.536,145.62,63.85,102.962
5.98,408.756,815.54,87.3129,429.879,580.964,57.6069,200.385,282.892,65.2048,147.63,59.2279,93.1723
5.99,409.543,814.744,89.7059,429.979,580.943,57.4278,203.451,279.03,65.9478,150.518,53.7573,85.6695
6,410.537,813.784,92.871,430.08,580.996,57.1663,206.978,275.059,66.2087,154.93,50.252,79.9756
6.01,411.612,811.386,96.6469,430.232,580.781,57.0133,208.894,274.341,65.7776,157.898,47.9278,76.5292
6.02,412.83,810.004,101.713,430.389,580.422,56.7913,209.527,274.701,64.9523,158.983,47.3001,75.5638
6.03,413.584,807.101,107.167,430.428,580.102,56.5004,209.513,274.84,64.7847,159.1,46.9316,74.8855
6.04,414.272,804.001,113.427,430.549,579.042,56.433,209.468,274.749,65.2315,159.445,46.2364,73.7699
6.05,414.236,800.405,120.226,430.633,577.474,56.2476,209.403,274.654,65.4898,159.62,45.6204,72.7838
6.06,413.588,795.522,127.634,431.021,576.099,55.6279,209.309,274.663,65.6602,159.832,45.0487,71.89
6.07,412.712,789.888,136.179,431.11,574.297,54.8721,209.44,274.569,65.5618,160.166,44.9213,71.2394
6.08,411.547,782.725,146.008,431.287,572.544,54.3834,209.232,274.581,65.5013,160.487,44.61,70.6827
6.09,410.541,773.754,156.944,431.337,570.735,53.8392,209.333,274.665,65.3492,161.105,44.4633,69.9316
6.1,409.771,762.903,169.444,431.696,568.167,53.4735,209.808,274.396,65.0348,161.604,44.1025,69.5982
6.11,408.718,748.99,182.771,431.918,565.491,53.0393,210.202,274.3,64.9414,161.97,43.9719,69.2714
6.12,407.533,732.742,197.29,431.945,562.001,52.8414,210.497,274.431,64.9486,162.245,43.9428,69.09
6.13,406.617,715.342,211.761,431.893,556.688,53.1729,210.696,274.634,64.6953,162.531,43.9021,68.8554
6.14,405.155,695.537,226.763,431.88,551.388,53.7545,210.944,274.331,64.7336,162.602,43.7476,68.7216
6.15,403.155,674.147,241.9,431.552,545.325,55.4534,211.033,274.257,64.7913,162.704,43.5664,68.6458
6.16,401.78,651.058,255.901,430.86,538.495,57.8782,211.051,274.261,64.7966,162.771,43.5352,68.5681
6.17,399.456,626.576,269.28,430.282,529.977,61.0476,211.084,274.268,64.8009,162.818,43.5132,68.51
6.18,396.487,601.584,282.059,430.138,520.784,64.4794,211.162,274.296,64.7889,162.827,43.5304,68.4689
6.19,394.175,575.439,293.296,430.361,509.526,68.414,211.214,274.341,64.745,162.805,43.5757,68.4378
6.2,391.455,549.754,301.111,430.691,496.487,72.4535,211.177,274.373,64.6796,162.796,43.6111,68.3971
6.21,389.253,526.992,306.95,429.801,479.582,77.0093,210.782,274.621,64.6154,162.767,43.6516,68.3503
6.22,387.877,506.816,311.71,426.917,456.828,82.4403,210.836,274.641,64.6833,162.737,43.7143,68.3123
6.23,386.549,489.091,314.869,422.93,429.409,87.1585,210.942,274.511,64.6914,162.676,43.7644,68.28
6.24,386.876,472.163,315.68,418.149,399.074,91.4788,210.706,274.724,64.5398,162.635,43.8731,68.2155
6.25,387.193,454.559,315.008,412.941,366.683,95.1831,210.771,274.507,64.639,162.643,43.9119,68.2106
6.26,387.327,435.927,312.013,407.675,333.961,98.1619,210.937,274.32,64.7442,162.587,44.0017,68.1781
6.27,387.726,416.223,307.322,402.257,300.597,100.379,210.97,274.247,64.789,162.563,44.0286,68.1619
6.28,387.19,395.351,301.286,397.776,267.283,101.289,210.988,274.222,64.8005,162.557,44.0557,68.1652
6.29,387.016,373.215,293.594,394.082,234.055,101.667,210.972,274.249,64.766,162.61,44.0538,68.145
6.3,387.477,350.454,284.477,390.69,199.714,101.896,211.309,274.36,64.6013,162.652,44.0501,68.1322
6.31,386.825,327.173,274.885,387.908,164.837,101.524,210.935,274.372,64.7968,162.664,44.1488,68.103
6.32,386.473,302.665,263.52,385.844,129.908,101.268,210.83,274.398,64.8506,162.697,44.0974,68.1174
6.33,386.069,277.824,251.856,384.684,94.4223,101.381,210.808,274.378,64.8308,162.631,44.1823,68.0704
6.34,385.113,252.628,238.206,384.283,58.7172,101.61,210.83,274.354,64.8114,162.634,44.2031,67.9972
6.35,384.243,225.7,224.279,384.672,22.8886,101.911,210.807,274.352,64.8185,162.641,44.3045,67.9407
6.36,383.109,197.382,209.713,385.622,-12.8666,101.819,210.829,274.769,65.0553,162.61,44.2633,67.8919
6.37,382.624,168.924,195.784,387.47,-48.33,101.018,210.771,274.247,64.9861,162.544,44.2563,67.806
6.38,382.368,138.776,182.542,390.12,-83.3357,100.42,210.965,274.156,64.8427,162.382,44.1431,68.0552
6.39,382.193,107.711,169.377,393.275,-118.546,100.125,211.059,274.199,64.8401,162.295,43.753,67.9685
6.4,382.665,76.2157,156.205,397.115,-153.171,100.169,211.078,274.211,64.8496,162.216,44.5212,67.9383
6.41,383.527,44.5931,143.971,401.458,-187.589,101.475,211.038,274.219,64.8121,162.278,44.6441,68.0053
6.42,385.319,12.4948,132.158,405.675,-221.559,104.055,211.04,274.225,64.7716,162.327,44.8882,67.9691
6.43,387.929,-18.5634,121.54,409.616,-254.12,108.214,211.028,274.252,64.7876,162.475,44.8902,67.7694
6.44,391.104,-49.3628,111.892,413.372,-285.043,113.207,211.012,274.255,64.7747,162.456,44.8175,67.5988
6.45,394.369,-78.6372,104.24,417.038,-313.813,119.035,210.994,274.276,64.7634,162.345,45.018,67.367
6.46,397.774,-105.836,98.1226,420.508,-340.13,125.731,210.999,274.264,64.7724,162.324,45.1365,67.3151
6.47,401.482,-130.471,93.4041,424.33,-363.923,132.39,211.011,274.252,64.7539,162.268,45.1795,67.2649
6.48,404.49,-153.121,89.9025,428.324,-384.69,139.153,210.995,274.266,64.7738,162.194,45.205,67.2304
6.49,406.671,-173.363,87.4091,432.15,-402.798,144.775,211.009,274.256,64.8141,162.164,45.198,67.1365
6.5,407.715,-189.989,85.5581,436.164,-418.266,148.783,211.016,274.231,64.8595,162.157,45.1925,67.0948
6.51,407.92,-204.469,83.9427,439.868,-431.562,151.044,211.027,274.212,64.9036,162.131,45.3559,67.0118
6.52,406.711,-215.664,82.6067,444.168,-441.895,151.943,211.022,274.197,64.9635,162.122,45.4075,66.9574
6.53,404.465,-223.89,81.051,447.081,-449.013,151.662,210.988,274.2,65.0873,162.167,45.4304,66.8563
6.54,401.762,-229.887,79.2666,448.028,-453.622,150.255,211.003,274.194,65.1847,162.193,45.4124,66.8048
6.55,399.86,-231.991,78.8557,445.636,-456.592,147.097,211.074,274.17,65.3251,162.207,45.3648,66.7293
6.56,399.008,-232.578,78.5286,440.64,-459.11,141.885,211.139,274.18,65.5237,162.205,45.3205,66.646
6.57,399.594,-233.647,78.0924,433.828,-461.954,137.408,211.27,274.088,65.6231,162.26,45.2029,66.5315
6.58,401.079,-237.3,78.5817,426.757,-464.954,134.182,211.317,274.1,65.8028,162.321,45.1927,66.431
6.59,402.306,-241.297,79.183,419.913,-468.297,129.464,211.426,274.083,66.0017,162.392,45.2166,66.3074
6.6,402.846,-244.715,80.1206,415.171,-472.008,122.943,211.576,273.925,66.3437,162.614,45.0211,66.2775
6.61,403.299,-247.189,80.7598,413.664,-475.269,116.207,211.771,273.904,66.8262,162.75,44.9233,66.2071
6.62,403.467,-249.371,81.357,414.698,-477.836,110.227,211.832,273.481,67.9203,162.775,44.7675,66.0476
6.63,403.778,-251.408,81.9334,416.221,-480.268,104.74,211.774,272.791,69.9424,162.761,44.6276,65.8726
6.64,404.308,-253.261,82.6162,416.07,-482.719,99.8782,211.916,272.045,72.5763,162.78,44.5964,65.6136
6.65,404.493,-253.991,83.2772,414.336,-484.457,96.6801,211.579,271.151,75.5068,162.776,44.4318,65.3537
6.66,404.665,-254.721,83.7051,412.667,-485.738,94.0044,211.424,269.947,79.2062,162.741,44.244,65.2078
6.67,404.75,-255.448,83.9631,411.732,-486.719,91.4594,211.075,268.547,83.2227,162.664,44.0622,65.0529
6.68,404.903,-256.006,84.2129,410.935,-487.367,89.2608,210.433,267.04,87.9105,162.513,43.9435,64.8907
6.69,404.894,-256.46,84.4577,409.777,-488.288,87.9523,209.472,264.774,93.4673,162.205,43.3966,64.8283
6.7,404.748,-257.019,84.5833,408.73,-488.824,86.6667,208.424,262.127,99.9232,161.895,43.0573,64.8435
6.71,404.565,-257.274,84.7704,408.194,-489.338,85.4611,207.055,259.048,106.951,161.5,41.9934,65.2656
6.72,404.46,-257.502,84.796,407.579,-489.797,84.5173,205.541,255.191,114.787,161.042,40.7609,65.6222
6.73,404.393,-257.575,84.8043,406.867,-490.073,83.82,204.042,250.727,123.066,160.68,39.4934,65.7941
6.74,404.359,-257.592,84.8692,406.385,-490.247,83.3855,202.069,245.655,131.835,160.278,38.1064,66.2041
6.75,404.398,-257.671,84.8691,406.167,-490.483,83.1077,200.074,240.236,140.847,160.031,36.0284,66.7076
6.76,404.406,-257.72,84.7845,406.034,-490.535,82.9194,197.692,234.139,150.33,159.304,33.9747,67.1367
6.77,404.362,-257.643,84.8092,406.01,-490.612,82.7002,195.154,228.052,159.745,158.345,31.493,67.8714
6.78,404.291,-257.649,84.8817,406.107,-490.862,82.256,192.463,221.488,168.949,157.72,28.8638,68.723
6.79,404.227,-257.782,84.9149,406.297,-491.185,81.7329,189.843,214.661,178.46,156.836,26.0625,69.7812
6.8,404.095,-257.767,85.0171,406.466,-491.426,81.0857,187.04,207.197,188.044,156.098,23.1178,71.011
6.81,404.042,-257.803,85.1481,406.355,-491.725,80.3766,184.332,199.6,197.415,155.155,19.7563,72.7481
6.82,403.998,-257.981,85.1967,405.939,-492.278,79.7256,181.329,191.605,206.668,154.389,16.3349,74.5789
6.83,403.985,-258.093,85.2249,405.71,-492.762,78.9909,178.366,183.201,216.167,153.431,12.6955,76.3998
6.84,404.01,-258.255,85.3381,405.829,-493.338,78.2119,175.658,174.381,226.069,152.683,8.41873,78.4365
6.85,404.001,-258.359,85.4835,405.899,-494.025,77.3616,172.924,164.584,236.192,151.762,3.71401,80.6006
6.86,403.987,-258.487,85.5838,406.017,-494.824,76.3616,170.068,154.397,245.515,150.683,-0.998729,82.5203
6.87,404.005,-258.672,85.7259,406.255,-495.516,75.3144,166.891,142.803,254.708,149.58,-6.23608,84.2468
6.88,403.971,-258.795,85.8165,406.533,-495.801,74.2839,163.716,130.516,263.521,148.153,-11.9029,85.6629
6.89,404.007,-258.951,85.929,406.817,-496.112,73.5464,161.88,117.281,271.946,146.577,-18.306,86.8734
6.9,404.031,-259.078,86.0439,406.993,-496.317,72.7854,160.464,103.873,279.851,145.167,-25.0804,87.9119
6.91,403.995,-259.248,86.1299,407.151,-496.427,72.2789,158.985,90.9993,286.763,143.466,-31.793,88.878
6.92,403.958,-259.075,86.3643,407.317,-496.537,71.7782,157.615,77.4476,293.12,141.402,-38.3233,89.4748
6.93,403.92,-259.045,86.4658,407.483,-496.625,71.3571,155.43,63.9875,297.138,140.08,-46.439,90.873
6.94,403.855,-259.113,86.5075,407.727,-496.712,70.9376,152.784,53.7226,298.469,139.431,-60.5073,94.1535
6.95,403.749,-259.145,86.5483,407.809,-496.804,70.5806,149.868,44.7772,297.069,139.958,-78.9532,98.7309
6.96,403.637,-259.184,86.5655,407.799,-496.85,70.3489,146.241,35.2041,293.427,141.388,-99.9534,102.753
6.97,403.546,-259.26,86.5781,407.644,-496.77,70.1419,142.552,24.1821,287.455,143.253,-122.406,106.092
6.98,403.484,-259.256,86.6378,407.538,-496.727,70.0378,139.23,10.598,281.206,145.099,-145.837,108.43
6.99,403.457,-259.272,86.6512,407.486,-496.711,69.9876,136.072,-4.75511,273.82,146.304,-170.27,109.872
7,403.422,-259.323,86.6226,407.382,-496.558,69.9015,134.181,-21.1362,264.707,146.357,-195.259,110.244
7.01,403.346,-259.335,86.6043,407.308,-496.505,69.8394,133.833,-38.9329,254.976,144.522,-221.225,110.046
7.02,403.286,-259.375,86.6412,407.286,-496.498,69.8028,134.943,-57.6338,245.174,141.014,-248.36,109.651
7.03,403.176,-259.259,86.7661,407.243,-496.456,69.6941,137.106,-78.1178,234.729,136.822,-275.751,109.157
7.04,403.197,-259.324,86.8768,407.154,-496.477,69.6354,139.862,-100.334,223.999,131.951,-303.667,108.312
7.05,403.102,-259.561,86.8279,407.138,-496.605,69.5544,142.823,-123.255,212.94,126.918,-331.882,107.613
7.06,403.148,-259.708,86.8635,407.165,-496.63,69.4537,145.99,-147.27,201.855,121.365,-359.349,107.07
7.07,403.109,-259.759,86.8628,407.182,-496.589,69.3078,149.56,-172.213,190.551,115.585,-387.225,107.233
7.08,403.1,-259.752,86.7722,407.248,-496.572,69.1848,153.118,-197.394,179.822,109.918,-414.863,107.886
7.09,403.302,-259.347,87.0646,407.364,-496.396,69.0004,156.925,-222.971,169.849,103.927,-442.05,108.688
7.1,403.196,-259.429,86.9073,407.427,-496.327,68.8854,160.912,-248.151,160.573,98.2404,-468.604,109.57
7.11,403.338,-259.471,86.7544,407.538,-496.328,68.9153,164.368,-275.616,151.603,92.2323,-494.647,110.393
7.12,403.373,-259.336,86.8815,407.617,-496.219,68.7776,167.427,-302.882,143.516,87.478,-520.43,111.109
7.13,403.342,-259.372,86.9006,407.736,-496.696,68.771,169.944,-330.528,135.837,83.6782,-545.486,111.528
7.14,403.315,-259.284,86.9664,407.99,-496.063,68.4368,172.22,-356.253,129.403,80.701,-569.857,111.551
7.15,403.307,-259.18,86.9332,408.195,-495.932,68.2998,173.577,-380.83,124.006,78.5994,-594.688,111.729
7.16,403.224,-259.204,87.0265,408.323,-495.91,68.194,173.446,-405.365,118.583,77.2705,-619.33,111.778
7.17,403.079,-259.307,87.0682,408.355,-495.588,67.9325,172.565,-429.391,113.691,77.486,-643.81,111.702
7.18,402.792,-259.469,87.1938,408.282,-495.827,67.8508,170.481,-452.709,109.018,78.3041,-667.832,111.769
7.19,402.654,-259.525,87.2836,408.273,-496.19,67.9213,168.038,-474.878,105.048,79.9939,-691.767,112.444
7.2,402.404,-259.445,87.3476,408.315,-496.225,67.9496,165.114,-496.992,101.191,82.7151,-715.415,113.456
7.21,402.093,-259.648,87.3349,408.345,-496.212,68.0119,161.972,-518.33,97.5464,86.1483,-738.427,114.93
7.22,401.639,-260.052,87.1945,408.413,-496.231,68.0519,158.993,-538.799,94.0826,89.9867,-760.678,116.972
7.23,401.353,-260.087,87.2884,408.461,-496.23,68.1,156.208,-558.843,90.6813,94.2018,-782.113,119.364
7.24,401.185,-260.116,87.3419,408.578,-496.062,68.0269,153.651,-578.318,87.5451,98.5996,-802.694,122.175
7.25,401.075,-260.16,87.3465,408.636,-496.031,68.0401,151.588,-597.242,84.1606,102.79,-821.751,124.823
7.26,400.707,-260.274,87.3583,408.683,-496.032,68.0831,149.845,-615.64,81.1219,106.584,-839.885,127.286
7.27,400.555,-260.347,87.4121,408.724,-496.027,68.0286,148.587,-632.984,78.1664,110.019,-856.937,129.177
7.28,400.379,-260.449,87.4055,408.818,-495.963,67.9168,147.854,-649.22,75.4285,112.786,-872.77,130.454
7.29,400.34,-260.507,87.432,408.932,-496.006,67.7618,147.754,-664.356,72.9608,114.956,-887.534,131.047
7.3,400.316,-260.473,87.4593,409.154,-495.879,67.5554,147.917,-678.139,70.2868,116.399,-900.698,130.917
7.31,400.339,-260.437,87.5466,409.341,-495.802,67.4017,148.339,-690.63,68.4658,117.189,-912.687,130.117
7.32,400.352,-260.445,87.6083,409.461,-495.724,67.2351,149.104,-700.644,69.4448,117.377,-923.383,127.199
7.33,400.453,-260.358,87.7964,409.557,-495.773,67.0732,149.866,-708.21,70.5728,116.914,-932,122.084
7.34,400.244,-260.467,87.9953,409.571,-495.791,66.8944,150.659,-712.871,71.7117,115.904,-937.525,114.129
7.35,399.954,-260.529,88.2636,409.587,-495.822,66.7341,151.761,-715.508,72.7402,114.176,-941.031,104.76
7.36,399.675,-260.572,88.4616,409.586,-495.9,66.6864,153.342,-717.69,73.0659,112.537,-943.668,98.3641
7.37,399.402,-260.551,88.7275,409.582,-495.907,66.6051,154.326,-718.952,73.416,113.621,-945.148,95.5466
7.38,399.26,-260.61,89.0371,409.552,-495.875,66.4507,155.272,-720.24,73.4885,116.401,-946.616,92.5858
7.39,399.008,-260.489,89.6068,409.478,-495.876,66.3191,156.588,-720.944,73.4154,119.388,-947.949,90.1304
7.4,398.555,-260.515,90.5182,409.366,-496.253,66.4152,157.527,-721.512,73.5149,121.075,-948.958,88.7806
7.41,398.034,-260.775,92.0349,409.291,-496.371,66.3529,157.578,-721.925,73.8517,121.678,-949.669,87.7604
7.42,397.417,-261.364,93.8364,409.254,-496.476,66.2553,156.784,-722.236,74.642,122.189,-950.59,86.5959
7.43,396.822,-262.225,95.7672,409.182,-496.629,66.145,155.813,-722.619,75.3589,122.704,-951.634,85.2529
7.44,396.328,-263.138,98.787,409.215,-496.805,65.9598,155.032,-722.967,75.6215,123.103,-952.168,84.0336
7.45,396.029,-264.452,102.463,409.208,-496.926,65.7048,154.714,-723.093,75.6052,123.559,-952.37,83.2952
7.46,395.556,-265.945,106.827,409.244,-497.345,65.372,155.114,-723.21,75.2697,124.088,-952.387,82.6332
7.47,395.311,-268.327,112.368,409.224,-498.049,65.1152,156.377,-723.302,74.8531,125.36,-952.949,81.894
7.48,394.988,-271.459,118.808,409.232,-498.933,64.5628,158.122,-723.893,74.1842,126.85,-953.515,80.9088
7.49,394.771,-275.637,126.882,409.344,-500.385,63.882,159.946,-724.16,73.5813,128.131,-953.978,79.8457
7.5,394.342,-280.501,136.444,409.46,-502.047,63.0988,161.735,-724.503,72.9715,129.543,-954.626,78.684
7.51,394.021,-287.638,146.596,409.711,-504.006,62.4974,163.452,-724.628,72.4039,130.917,-955.085,77.6115
7.52,393.352,-296.513,158.102,409.86,-506.239,61.8942,164.768,-724.537,71.8835,131.889,-955.364,76.7839
7.53,391.644,-307.557,170.829,409.662,-508.756,61.471,165.682,-724.409,71.5527,132.846,-955.785,76.0101
7.54,389.663,-319.88,184.219,409.486,-511.332,61.1012,166.444,-724.258,71.4128,133.561,-956.008,75.4814
7.55,388.315,-334.445,198.6,409.315,-515.238,60.712,167.137,-724.314,71.0923,134.283,-956.131,75.1086
7.56,385.066,-351.608,213.719,408.868,-519.813,60.4521,167.529,-724.32,70.9344,134.922,-956.196,74.8344
7.57,382.158,-370.661,229.074,408.617,-524.616,60.5394,167.567,-724.267,70.8728,135.388,-956.389,74.694
7.58,380.44,-392.345,244.511,408.361,-529.851,61.387,167.714,-724.11,70.8503,135.702,-956.384,74.569
7.59,377.921,-415.866,259.216,407.903,-536.118,63.1269,167.802,-723.852,70.8911,135.88,-956.313,74.4876
7.6,375.368,-440.506,273.637,407.349,-543.607,65.8935,167.856,-723.743,70.8507,136.007,-956.247,74.4025
7.61,371.4,-465.718,286.659,407.014,-552.984,69.6596,167.976,-723.811,70.715,136.101,-956.244,74.3491
7.62,369.373,-491.256,298.299,406.789,-564.188,74.4672,168.076,-723.816,70.7252,136.107,-956.243,74.3163
7.63,367.997,-514.971,307.467,405.802,-577.256,79.6578,168.156,-723.844,70.699,136.057,-956.171,74.2912
7.64,368.535,-535.405,314.879,401.375,-595.331,85.6759,168.187,-723.818,70.6845,136.01,-956.132,74.2161
7.65,370.33,-552.809,321.189,393.717,-618.961,92.2589,168.186,-723.814,70.6468,135.897,-956.057,74.1818
7.66,372.819,-569.261,324.793,384.026,-646.068,98.7337,168.193,-723.886,70.5633,135.789,-956.007,74.1188
7.67,376.165,-586.151,326.01,373.654,-674.904,104.273,168.084,-723.871,70.7038,135.728,-955.991,74.0626
7.68,377.726,-604.467,325.216,364.013,-704.001,108.49,168.071,-723.851,70.8166,135.649,-955.974,73.9844
7.69,378.126,-624.159,322.508,355.814,-733.622,111.602,168.043,-724.335,70.7866,135.639,-955.981,73.9032
7.7,378.663,-644.272,317.46,348.943,-764.76,114.01,168.034,-723.623,71.1064,135.657,-955.951,73.8158
7.71,377.555,-665.307,311.201,343.466,-797.229,115.429,167.818,-723.311,71.2042,135.719,-955.97,73.7387
7.72,375.16,-686.989,302.766,339.784,-830.909,116.09,167.736,-723.282,71.1516,135.774,-955.984,73.6899
7.73,371.9,-709.226,292.801,337.261,-865.335,116.242,167.733,-723.283,71.0918,135.89,-955.999,73.611
7.74,368.099,-732.283,281.255,336.167,-900.739,116.052,167.762,-723.351,71.0488,135.961,-956.034,73.563
7.75,363.323,-757.153,268.642,336.238,-936.79,115.216,167.834,-723.449,70.9643,135.998,-956.013,73.5142
7.76,358.466,-782.634,255.613,337.381,-972.929,114.029,168.145,-723.489,70.7181,136.056,-956.116,73.3709
7.77,353.653,-809.219,241.577,339.492,-1009.34,112.774,168.288,-723.814,70.6995,136.046,-955.838,73.1922
7.78,348.615,-838.55,226.923,342.333,-1045.51,111.496,168.383,-723.95,70.6894,135.905,-955.546,73.2968
7.79,344.774,-867.249,212.528,345.657,-1081.42,110.027,168.508,-724.059,70.7027,135.941,-955.499,73.3383
7.8,340.88,-897.563,198.374,349.052,-1117.26,108.715,168.562,-724.081,70.6995,135.996,-955.559,73.2866
7.81,337.406,-928.226,183.897,352.448,-1153.05,107.993,168.565,-724.07,70.7202,135.91,-955.386,73.2375
7.82,336.518,-959.099,169.529,355.099,-1188.7,108.042,168.585,-724.068,70.7479,135.881,-955.203,73.1757
7.83,335.287,-990.736,156.661,357.097,-1223.46,108.89,168.553,-724.052,70.7859,136.19,-955.706,72.9798
7.84,335.272,-1022.93,143.84,358.428,-1258.13,111.138,168.566,-724.085,70.789,136.218,-955.846,72.9863
7.85,336.431,-1054.63,132.309,359.335,-1291.16,114.356,168.57,-724.079,70.7967,136.183,-955.796,72.9863
7.86,337.96,-1085.55,122.242,359.943,-1322.64,119.092,168.574,-724.078,70.8156,136.09,-955.714,72.9472
7.87,339.792,-1115.51,114.088,361.158,-1353.44,125.34,168.631,-724.083,70.8397,136.029,-955.659,72.9131
7.88,341.517,-1143.46,107.165,362.833,-1380.71,132.273,168.629,-724.105,70.8597,135.892,-955.612,72.8464
7.89,342.754,-1170.2,101.394,365.029,-1405.34,140.494,168.596,-724.08,70.9227,135.835,-955.568,72.7687
7.9,343.997,-1194.77,97.4936,367.567,-1427.35,148.956,168.594,-724.099,70.9862,135.791,-955.491,72.6759
7.91,344.359,-1217.17,93.8426,370.25,-1446.65,157.307,168.636,-724.142,71.0017,135.771,-955.482,72.6086
7.92,344.096,-1237.35,90.9337,373.876,-1463.46,164.666,168.665,-724.155,71.0248,135.743,-955.42,72.5394
7.93,342.517,-1254.77,88.8951,377.686,-1477.45,170.109,168.737,-724.14,71.1072,135.731,-955.424,72.5207
7.94,340.96,-1268.73,87.8068,382.205,-1489.44,172.874,168.73,-724.101,71.1971,135.705,-955.413,72.4439
7.95,338.967,-1280.06,86.2619,386.882,-1498.9,173.057,168.8,-724.046,71.3016,135.682,-955.383,72.3956
7.96,337.579,-1288.29,85.5858,389.918,-1506.23,171.138,168.822,-723.998,71.3393,135.633,-955.33,72.363
7.97,335.976,-1293.33,85.3989,391.048,-1511.38,166.463,168.842,-724.007,71.3459,135.55,-955.33,72.3174
7.98,334.826,-1294.61,84.8976,391.629,-1514.47,159.944,168.823,-724.083,71.3826,135.517,-955.293,72.2689
7.99,333.732,-1295.68,84.2568,390.695,-1517.07,154.407,168.817,-724.105,71.4216,135.453,-955.268,72.2615
8,333.312,-1298.21,84.6862,388.645,-1520.11,150.68,168.696,-724.055,71.5995,135.456,-955.224,72.1384
8.01,333.281,-1301.57,85.6902,385.671,-1524.06,146.492,168.62,-724.033,71.7398,135.435,-955.158,72.0726
8.02,332.995,-1305.31,86.5089,382.872,-1528.89,140.819,168.59,-724.006,71.8481,135.404,-955.103,72.0004
8.03,332.285,-1307.65,87.0491,380.273,-1533.25,134.526,168.578,-724.016,71.9598,135.408,-955.071,71.9321
8.04,332.442,-1309.76,87.8237,377.311,-1536.76,129.545,168.575,-724.123,72.1146,135.425,-955.011,71.7849
8.05,332.711,-1311.9,88.0941,374.035,-1539.71,124.511,168.609,-724.099,72.5582,135.507,-955.013,71.6926
8.06,332.973,-1313.25,88.7596,370.362,-1542.62,118.895,168.556,-724.384,73.3816,135.575,-954.986,71.4853
8.07,333.521,-1314.12,89.9739,367.299,-1545.91,113.547,168.687,-724.824,75.3018,135.633,-955.014,71.2697
8.08,334.306,-1317.01,90.7996,364.141,-1548.62,107.5,168.683,-725.451,77.6592,135.767,-955.135,71.0294
8.09,334.797,-1318.45,91.5098,361.953,-1551.13,102.171,168.629,-726.428,80.6713,135.88,-955.265,70.862
8.1,334.876,-1319.27,91.84,361.227,-1552.75,98.3867,168.844,-727.544,84.3451,135.961,-955.389,70.6802
8.11,335.004,-1320.14,91.9268,361.054,-1553.52,96.0444,168.81,-729.08,88.7348,135.955,-955.665,70.5773
8.12,334.947,-1320.43,92.2162,360.147,-1554.5,95.33,168.51,-730.991,94.1019,135.822,-956.283,70.3411
8.13,334.935,-1321.02,92.3042,359.962,-1554.98,94.8339,168.297,-733.345,100.568,135.597,-957.1,70.2808
8.14,335.021,-1321.46,92.2946,360.546,-1555.07,94.3345,167.974,-736.794,107.976,135.479,-957.994,70.3968
8.15,335.115,-1321.83,92.3211,361.126,-1555.38,93.8944,167.244,-740.601,116.154,135.274,-959.12,70.5995
8.16,335.162,-1321.94,92.3188,361.608,-1555.14,93.5043,166.287,-745.228,125.451,134.947,-960.484,70.7836
8.17,335.283,-1321.92,92.1447,361.778,-1554.86,93.5305,165.226,-751.008,136.002,134.547,-962.322,71.1229
8.18,335.36,-1321.87,92.0595,361.958,-1554.62,93.7865,163.233,-758.194,147.006,134.25,-964.504,71.5812
8.19,335.417,-1321.87,92.0255,362.027,-1554.38,94.0723,161.029,-766.076,158.485,133.784,-967.219,72.0687
8.2,335.433,-1321.86,92.0283,362,-1554.29,94.1774,158.418,-774.55,169.424,133.293,-970.241,72.8037
8.21,335.461,-1321.87,92.015,361.87,-1554.18,94.1665,155.457,-783.263,180.422,132.693,-973.355,73.7523
8.22,335.455,-1321.84,91.9962,361.604,-1554.17,94.2305,152.151,-791.712,191.478,131.777,-976.635,75.0139
8.23,335.432,-1321.84,92.0031,361.051,-1554.47,94.4738,148.619,-800.014,201.542,130.782,-979.822,76.2721
8.24,335.378,-1321.83,92.0124,360.806,-1554.51,94.4664,144.777,-808.542,211.44,129.716,-983.186,77.8333
8.25,335.383,-1321.85,92.0271,360.805,-1554.46,94.3974,140.969,-817.358,220.847,128.758,-986.699,79.439
8.26,335.39,-1321.85,92.0285,360.86,-1554.51,94.3251,136.584,-825.799,229.639,127.355,-990.385,81.4325
8.27,335.391,-1321.91,92.0444,360.92,-1554.57,93.9711,133.035,-833.52,237.565,126.068,-994.199,83.686
8.28,335.38,-1321.96,92.0831,361.096,-1555.09,93.2614,128.588,-842.639,246.424,124.597,-998.431,85.7966
8.29,335.406,-1322.14,92.159,361.519,-1555.7,92.293,124.094,-852.425,255.353,123.049,-1002.95,87.8001
8.3,335.406,-1322.27,92.2004,361.877,-1556.26,91.398,119.507,-862.401,263.213,121.794,-1007.93,89.806
8.31,335.318,-1322.43,92.3926,361.853,-1556.83,90.383,114.965,-873.494,271.656,120.209,-1013.25,91.6278
8.32,335.207,-1322.67,92.4878,362.281,-1557.25,88.7992,111.121,-885.311,279.494,118.823,-1019.08,93.1427
8.33,334.999,-1322.83,92.706,362.012,-1558.5,87.6818,107.791,-897.728,286.633,117.329,-1025.11,94.3197
8.34,334.742,-1323.03,93.0155,361.91,-1559.51,86.5705,105.307,-910.604,293.438,115.979,-1031.64,95.1722
8.35,334.668,-1323.54,93.0394,362.026,-1560.39,85.3595,103.288,-923.176,299.327,114.782,-1038.19,95.84
8.36,334.512,-1323.65,93.2817,362.165,-1561.18,83.9474,101.36,-936.142,304.169,113.774,-1045.07,96.715
8.37,334.181,-1323.88,93.6101,362.207,-1561.79,82.8249,99.4907,-948.438,307.438,112.909,-1054.73,98.6658
8.38,334.049,-1323.97,93.7527,362.192,-1561.98,81.9065,98.547,-958.687,308.732,112.443,-1068.15,102.04
8.39,334.046,-1324.12,93.7949,362.168,-1562,81.2525,98.5058,-968.564,308.323,112.286,-1084.81,105.776
8.4,333.957,-1324.07,93.8345,362.26,-1562.07,80.6133,98.1541,-978.615,306.171,112.535,-1103.81,109.14
8.41,333.821,-1323.93,94.0029,362.445,-1562.05,79.9745,97.6064,-989.28,302.339,113.142,-1124.61,112.158
8.42,333.844,-1324,93.9556,362.606,-1562.03,79.5012,97.8145,-1001.47,297.365,113.588,-1146.98,114.939
8.43,333.721,-1323.95,94.0709,362.645,-1562.01,79.1783,99.7236,-1015.11,291.475,113.714,-1170.14,117.292
8.44,333.625,-1323.95,94.1349,362.457,-1561.82,78.8634,102.135,-1030.06,284.513,113.039,-1194.07,118.793
8.45,333.551,-1324.03,94.1477,362.347,-1561.72,78.5986,105.071,-1046.92,277.724,111.304,-1218.55,119.315
8.46,333.468,-1324.04,94.1811,362.349,-1561.66,78.3622,108.581,-1064.9,270.046,108.642,-1243.31,119.188
8.47,333.619,-1322.81,94.6438,362.29,-1561.59,78.1347,113.095,-1084.31,261.942,105.41,-1268.7,118.648
8.48,332.986,-1325.45,94.521,361.985,-1561.5,77.9811,117.943,-1104.88,253.403,101.743,-1294.5,117.797
8.49,332.77,-1326.46,94.4146,361.787,-1561.58,77.8335,122.867,-1126.27,244.509,98.4767,-1320.75,116.749
8.5,332.725,-1326.7,94.3344,361.636,-1561.54,77.8124,127.561,-1148.37,235.405,95.559,-1347.23,116.021
8.51,332.692,-1326.84,94.2753,361.511,-1561.48,77.8741,131.368,-1171.08,225.633,92.797,-1373.14,115.344
8.52,332.651,-1326.82,94.2697,361.414,-1561.41,77.9175,134.927,-1194.77,215.503,90.6365,-1400.98,115.777
8.53,332.62,-1326.82,94.2678,361.335,-1561.35,77.9431,138.749,-1218.31,206.056,88.4328,-1428.04,116.755
8.54,332.621,-1326.91,94.324,361.27,-1561.26,77.8345,141.969,-1242.67,196.718,86.0356,-1454.71,116.428
8.55,332.577,-1327.02,94.312,361.207,-1561.19,77.6718,144.757,-1267.6,187.815,84.794,-1483.23,116.172
8.56,332.342,-1326.53,94.1087,361.133,-1561.06,77.5693,147.294,-1292.96,179.118,83.2384,-1510.44,115.597
8.57,332.434,-1324.88,94.3814,361.677,-1560.65,77.8433,149.334,-1318.88,171.137,81.4319,-1536.78,115.365
8.58,332.495,-1324.41,94.4823,361.469,-1560.93,77.6329,150.655,-1344.47,163.331,80.3852,-1563.28,115.288
8.59,332.53,-1324.41,94.5026,361.402,-1561.19,77.408,151.035,-1369.45,155.916,79.4482,-1589.62,115.196
8.6,332.612,-1324.34,94.5115,361.599,-1561.17,77.1955,150.966,-1394.18,149.148,79.3025,-1616,115.179
8.61,332.729,-1324.24,94.5522,361.984,-1560.78,76.8145,150.375,-1419.12,142.694,79.2062,-1642.25,115.323
8.62,332.939,-1324.03,94.6535,362.457,-1559.95,76.3462,149.447,-1443.61,136.484,79.3053,-1667.88,115.992
8.63,333.127,-1323.9,94.7059,362.246,-1559.9,75.6287,148.271,-1468.47,130.427,80.5579,-1693.58,115.884

